{
  "QCD_HT1500to2000_TuneCP5_13TeV-madgraphMLM-pythia8": {
    "v15-v1": {
      "xs": [
        98.48, 
        0.9115, 
        "pb"
      ], 
      "fracofevt": [
        0.003853, 
        2.286e-06
      ], 
      "lumiper1Mevt": [
        9.999, 
        0.09237, 
        "1/fb"
      ]
    }
  }, 
  "QCD_HT50to100_TuneCP5_13TeV-madgraphMLM-pythia8": {
    "v15-v1": {
      "xs": [
        183600000.0, 
        1461000.0, 
        "pb"
      ], 
      "fracofevt": [
        0.0, 
        0.0
      ], 
      "lumiper1Mevt": [
        5.447e-06, 
        4.369e-08, 
        "1/fb"
      ]
    }
  }, 
  "QCD_HT500to700_TuneCP5_13TeV-madgraphMLM-pythia8": {
    "v15-v1": {
      "xs": [
        29870.0, 
        278.6, 
        "pb"
      ], 
      "fracofevt": [
        0.001232, 
        4.209e-07
      ], 
      "lumiper1Mevt": [
        0.03332, 
        0.0003118, 
        "1/fb"
      ]
    }
  }, 
  "QCD_HT300to500_TuneCP5_13TeV-madgraphMLM-pythia8": {
    "v15-v1": {
      "xs": [
        324100.0, 
        3032.0, 
        "pb"
      ], 
      "fracofevt": [
        0.0004847, 
        1.05e-07
      ], 
      "lumiper1Mevt": [
        0.00308, 
        2.895e-05, 
        "1/fb"
      ]
    }
  }, 
  "QCD_HT1000to1500_TuneCP5_13TeV-madgraphMLM-pythia8": {
    "v15-v1": {
      "xs": [
        1092.0, 
        10.14, 
        "pb"
      ], 
      "fracofevt": [
        0.001118, 
        3.604e-07
      ], 
      "lumiper1Mevt": [
        0.9117, 
        0.0085, 
        "1/fb"
      ]
    }
  }, 
  "QCD_HT2000toInf_TuneCP5_13TeV-madgraphMLM-pythia8": {
    "v15-v1": {
      "xs": [
        20.12, 
        0.1901, 
        "pb"
      ], 
      "fracofevt": [
        0.006154, 
        4.682e-06
      ], 
      "lumiper1Mevt": [
        48.5, 
        0.4553, 
        "1/fb"
      ]
    }
  }, 
  "QCD_HT700to1000_TuneCP5_13TeV-madgraphMLM-pythia8": {
    "v15-v1": {
      "xs": [
        6365.0, 
        58.95, 
        "pb"
      ], 
      "fracofevt": [
        0.0006516, 
        1.604e-07
      ], 
      "lumiper1Mevt": [
        0.1567, 
        0.001458, 
        "1/fb"
      ]
    }
  }, 
  "QCD_HT200to300_TuneCP5_13TeV-madgraphMLM-pythia8": {
    "v15-v1": {
      "xs": [
        1549000.0, 
        14050.0, 
        "pb"
      ], 
      "fracofevt": [
        0.000649, 
        1.591e-07
      ], 
      "lumiper1Mevt": [
        0.0006437, 
        5.865e-06, 
        "1/fb"
      ]
    }
  }, 
  "QCD_HT100to200_TuneCP5_13TeV-madgraphMLM-pythia8": {
    "v15-v1": {
      "xs": [
        23270000.0, 
        206500.0, 
        "pb"
      ], 
      "fracofevt": [
        0.0, 
        0.0
      ], 
      "lumiper1Mevt": [
        4.297e-05, 
        3.837e-07, 
        "1/fb"
      ]
    }
  }
}