{
  "GJets_HT-40To100_TuneCUETP8M1_13TeV-madgraphMLM-pythia8": {
    "v3_ext1-v2": {
      "xs": [
        20960.0, 
        190.9, 
        "pb"
      ], 
      "fracofevt": [
        0.0, 
        0.0
      ], 
      "lumiper1Mevt": [
        0.04771, 
        0.0004373, 
        "1/fb"
      ]
    }, 
    "v3-v2": {
      "xs": [
        20360.0, 
        185.3, 
        "pb"
      ], 
      "fracofevt": [
        0.0, 
        0.0
      ], 
      "lumiper1Mevt": [
        0.0491, 
        0.0004494, 
        "1/fb"
      ]
    }
  }, 
  "GJets_HT-600ToInf_TuneCUETP8M1_13TeV-madgraphMLM-pythia8": {
    "v3_ext1-v2": {
      "xs": [
        93.85, 
        0.8985, 
        "pb"
      ], 
      "fracofevt": [
        0.0, 
        0.0
      ], 
      "lumiper1Mevt": [
        10.65, 
        0.1026, 
        "1/fb"
      ]
    }, 
    "v3-v2": {
      "xs": [
        94.7, 
        0.9046, 
        "pb"
      ], 
      "fracofevt": [
        0.0, 
        0.0
      ], 
      "lumiper1Mevt": [
        10.56, 
        0.1014, 
        "1/fb"
      ]
    }
  }, 
  "GJets_HT-200To400_TuneCUETP8M1_13TeV-madgraphMLM-pythia8": {
    "v3_ext1-v2": {
      "xs": [
        2323.0, 
        21.93, 
        "pb"
      ], 
      "fracofevt": [
        0.0, 
        0.0
      ], 
      "lumiper1Mevt": [
        0.4305, 
        0.004087, 
        "1/fb"
      ]
    }, 
    "v3-v2": {
      "xs": [
        2314.0, 
        21.84, 
        "pb"
      ], 
      "fracofevt": [
        0.0, 
        0.0
      ], 
      "lumiper1Mevt": [
        0.4322, 
        0.004101, 
        "1/fb"
      ]
    }
  }, 
  "GJets_HT-400To600_TuneCUETP8M1_13TeV-madgraphMLM-pythia8": {
    "v3_ext1-v2": {
      "xs": [
        278.5, 
        2.638, 
        "pb"
      ], 
      "fracofevt": [
        0.0, 
        0.0
      ], 
      "lumiper1Mevt": [
        3.59, 
        0.03419, 
        "1/fb"
      ]
    }, 
    "v3-v2": {
      "xs": [
        271.8, 
        2.593, 
        "pb"
      ], 
      "fracofevt": [
        0.0, 
        0.0
      ], 
      "lumiper1Mevt": [
        3.68, 
        0.03531, 
        "1/fb"
      ]
    }
  }, 
  "GJets_HT-100To200_TuneCUETP8M1_13TeV-madgraphMLM-pythia8": {
    "v3_ext1-v2": {
      "xs": [
        9319.0, 
        86.51, 
        "pb"
      ], 
      "fracofevt": [
        0.0, 
        0.0
      ], 
      "lumiper1Mevt": [
        0.1073, 
        0.001002, 
        "1/fb"
      ]
    }, 
    "v3-v2": {
      "xs": [
        9155.0, 
        85.18, 
        "pb"
      ], 
      "fracofevt": [
        0.0, 
        0.0
      ], 
      "lumiper1Mevt": [
        0.1092, 
        0.001022, 
        "1/fb"
      ]
    }
  }
}