{
  "QCD_Pt_2400to3200_TuneCUETP8M1_13TeV_pythia8": {
    "v3_ext1-v2": {
      "xs": [
        0.006725, 
        3.439e-05, 
        "pb"
      ], 
      "fracofevt": [
        0.0, 
        0.0
      ], 
      "lumiper1Mevt": [
        148700.0, 
        774.8, 
        "1/fb"
      ]
    }, 
    "v3-v2": {
      "xs": [
        0.006782, 
        3.482e-05, 
        "pb"
      ], 
      "fracofevt": [
        0.0, 
        0.0
      ], 
      "lumiper1Mevt": [
        147500.0, 
        771.4, 
        "1/fb"
      ]
    }
  }, 
  "QCD_Pt_30to50_TuneCUETP8M1_13TeV_pythia8": {
    "v3-v2": {
      "xs": [
        138800000.0, 
        707800.0, 
        "pb"
      ], 
      "fracofevt": [
        0.0, 
        0.0
      ], 
      "lumiper1Mevt": [
        7.205e-06, 
        3.744e-08, 
        "1/fb"
      ]
    }
  }, 
  "QCD_Pt_50to80_TuneCUETP8M1_13TeV_pythia8": {
    "v3-v2": {
      "xs": [
        19170000.0, 
        96770.0, 
        "pb"
      ], 
      "fracofevt": [
        0.0, 
        0.0
      ], 
      "lumiper1Mevt": [
        5.216e-05, 
        2.684e-07, 
        "1/fb"
      ]
    }
  }, 
  "QCD_Pt_470to600_TuneCUETP8M1_13TeV_pythia8": {
    "v3-v2_backup": {
      "xs": [
        641.7, 
        3.032, 
        "pb"
      ], 
      "fracofevt": [
        0.0, 
        0.0
      ], 
      "lumiper1Mevt": [
        1.558, 
        0.007526, 
        "1/fb"
      ]
    }, 
    "v3-v2": {
      "xs": [
        641.7, 
        3.032, 
        "pb"
      ], 
      "fracofevt": [
        0.0, 
        0.0
      ], 
      "lumiper1Mevt": [
        1.558, 
        0.007526, 
        "1/fb"
      ]
    }
  }, 
  "QCD_Pt_15to30_TuneCUETP8M1_13TeV_pythia8": {
    "v3-v2": {
      "xs": [
        1823000000.0, 
        9333000.0, 
        "pb"
      ], 
      "fracofevt": [
        0.0, 
        0.0
      ], 
      "lumiper1Mevt": [
        5.484e-07, 
        2.86e-09, 
        "1/fb"
      ]
    }
  }, 
  "QCD_Pt_170to300_TuneCUETP8M1_13TeV_pythia8": {
    "v3_ext1-v2": {
      "xs": [
        117300.0, 
        575.0, 
        "pb"
      ], 
      "fracofevt": [
        0.0, 
        0.0
      ], 
      "lumiper1Mevt": [
        0.008523, 
        4.262e-05, 
        "1/fb"
      ]
    }, 
    "v3-v2": {
      "xs": [
        117300.0, 
        568.4, 
        "pb"
      ], 
      "fracofevt": [
        0.0, 
        0.0
      ], 
      "lumiper1Mevt": [
        0.008527, 
        4.22e-05, 
        "1/fb"
      ]
    }
  }, 
  "QCD_Pt_1000to1400_TuneCUETP8M1_13TeV_pythia8": {
    "v3-v1": {
      "xs": [
        9.477, 
        0.045, 
        "pb"
      ], 
      "fracofevt": [
        0.0, 
        0.0
      ], 
      "lumiper1Mevt": [
        105.5, 
        0.512, 
        "1/fb"
      ]
    }, 
    "v3_ext1-v2": {
      "xs": [
        9.337, 
        0.04385, 
        "pb"
      ], 
      "fracofevt": [
        0.0, 
        0.0
      ], 
      "lumiper1Mevt": [
        107.1, 
        0.5142, 
        "1/fb"
      ]
    }
  }, 
  "QCD_Pt_1800to2400_TuneCUETP8M1_13TeV_pythia8": {
    "v3_ext1-v2": {
      "xs": [
        0.1139, 
        0.0005616, 
        "pb"
      ], 
      "fracofevt": [
        0.0, 
        0.0
      ], 
      "lumiper1Mevt": [
        8783.0, 
        44.21, 
        "1/fb"
      ]
    }, 
    "v3-v2": {
      "xs": [
        0.1119, 
        0.0005633, 
        "pb"
      ], 
      "fracofevt": [
        0.0, 
        0.0
      ], 
      "lumiper1Mevt": [
        8940.0, 
        45.9, 
        "1/fb"
      ]
    }
  }, 
  "QCD_Pt_300to470_TuneCUETP8M1_13TeV_pythia8": {
    "v3_ext1-v2": {
      "xs": [
        7684.0, 
        37.47, 
        "pb"
      ], 
      "fracofevt": [
        0.0, 
        0.0
      ], 
      "lumiper1Mevt": [
        0.1301, 
        0.0006478, 
        "1/fb"
      ]
    }, 
    "v3-v2": {
      "xs": [
        7784.0, 
        37.92, 
        "pb"
      ], 
      "fracofevt": [
        0.0, 
        0.0
      ], 
      "lumiper1Mevt": [
        0.1285, 
        0.000639, 
        "1/fb"
      ]
    }
  }, 
  "QCD_Pt_80to120_TuneCUETP8M1_13TeV_pythia8": {
    "v3-v1": {
      "xs": [
        2729000.0, 
        13930.0, 
        "pb"
      ], 
      "fracofevt": [
        0.0, 
        0.0
      ], 
      "lumiper1Mevt": [
        0.0003664, 
        1.905e-06, 
        "1/fb"
      ]
    }, 
    "v3_ext2-v2": {
      "xs": [
        2712000.0, 
        13820.0, 
        "pb"
      ], 
      "fracofevt": [
        0.0, 
        0.0
      ], 
      "lumiper1Mevt": [
        0.0003688, 
        1.915e-06, 
        "1/fb"
      ]
    }
  }, 
  "QCD_Pt_15to6500_FwdEnriched_TuneCUETP8M1_13TeV_pythia8": {
    "v3-v2": {
      "xs": [
        3987000.0, 
        159300.0, 
        "pb"
      ], 
      "fracofevt": [
        0.0, 
        0.0
      ], 
      "lumiper1Mevt": [
        0.0002508, 
        1.003e-05, 
        "1/fb"
      ]
    }
  }, 
  "QCD_Pt_600to800_TuneCUETP8M1_13TeV_pythia8": {
    "v3_ext1-v2": {
      "xs": [
        186.5, 
        0.8688, 
        "pb"
      ], 
      "fracofevt": [
        0.0, 
        0.0
      ], 
      "lumiper1Mevt": [
        5.363, 
        0.02556, 
        "1/fb"
      ]
    }, 
    "v3-v2": {
      "xs": [
        186.3, 
        0.8647, 
        "pb"
      ], 
      "fracofevt": [
        0.0, 
        0.0
      ], 
      "lumiper1Mevt": [
        5.366, 
        0.02547, 
        "1/fb"
      ]
    }, 
    "v3-v2_backup": {
      "xs": [
        186.3, 
        0.8647, 
        "pb"
      ], 
      "fracofevt": [
        0.0, 
        0.0
      ], 
      "lumiper1Mevt": [
        5.366, 
        0.02547, 
        "1/fb"
      ]
    }
  }, 
  "QCD_Pt_1400to1800_TuneCUETP8M1_13TeV_pythia8": {
    "v3_ext1-v2": {
      "xs": [
        0.836, 
        0.003953, 
        "pb"
      ], 
      "fracofevt": [
        0.0, 
        0.0
      ], 
      "lumiper1Mevt": [
        1196.0, 
        5.782, 
        "1/fb"
      ]
    }, 
    "v3-v2": {
      "xs": [
        0.8323, 
        0.003951, 
        "pb"
      ], 
      "fracofevt": [
        0.0, 
        0.0
      ], 
      "lumiper1Mevt": [
        1202.0, 
        5.829, 
        "1/fb"
      ]
    }
  }, 
  "QCD_Pt_120to170_TuneCUETP8M1_13TeV_pythia8": {
    "v3-v1": {
      "xs": [
        468500.0, 
        2285.0, 
        "pb"
      ], 
      "fracofevt": [
        0.0, 
        0.0
      ], 
      "lumiper1Mevt": [
        0.002135, 
        1.063e-05, 
        "1/fb"
      ]
    }, 
    "v3_ext1-v2": {
      "xs": [
        462700.0, 
        2261.0, 
        "pb"
      ], 
      "fracofevt": [
        0.0, 
        0.0
      ], 
      "lumiper1Mevt": [
        0.002161, 
        1.078e-05, 
        "1/fb"
      ]
    }, 
    "v3-v2_backup": {
      "xs": [
        467000.0, 
        2286.0, 
        "pb"
      ], 
      "fracofevt": [
        0.0, 
        0.0
      ], 
      "lumiper1Mevt": [
        0.002141, 
        1.07e-05, 
        "1/fb"
      ]
    }
  }, 
  "QCD_Pt_3200toInf_TuneCUETP8M1_13TeV_pythia8": {
    "v3-v2": {
      "xs": [
        0.0001621, 
        8.863e-07, 
        "pb"
      ], 
      "fracofevt": [
        0.0, 
        0.0
      ], 
      "lumiper1Mevt": [
        6171000.0, 
        34310.0, 
        "1/fb"
      ]
    }
  }, 
  "QCD_Pt_800to1000_TuneCUETP8M1_13TeV_pythia8": {
    "v3_ext1-v2": {
      "xs": [
        32.11, 
        0.1507, 
        "pb"
      ], 
      "fracofevt": [
        0.0, 
        0.0
      ], 
      "lumiper1Mevt": [
        31.15, 
        0.1495, 
        "1/fb"
      ]
    }, 
    "v3-v2": {
      "xs": [
        31.74, 
        0.1501, 
        "pb"
      ], 
      "fracofevt": [
        0.0, 
        0.0
      ], 
      "lumiper1Mevt": [
        31.51, 
        0.1523, 
        "1/fb"
      ]
    }
  }
}