{
  "G1Jet_Pt-650ToInf_TuneCUETP8M1_13TeV-amcatnlo-pythia8": {
    "v3_ext1-v2": {
      "xs": [
        0.2939, 
        0.0006189, 
        "pb"
      ], 
      "fracofevt": [
        0.2202, 
        0.0009123
      ], 
      "lumiper1Mevt": [
        1065.0, 
        4.129, 
        "1/fb"
      ]
    }, 
    "v3-v2": {
      "xs": [
        0.2939, 
        0.0006189, 
        "pb"
      ], 
      "fracofevt": [
        0.2139, 
        0.0008705
      ], 
      "lumiper1Mevt": [
        1114.0, 
        4.155, 
        "1/fb"
      ]
    }
  }, 
  "G1Jet_Pt-50To100_TuneCUETP8M1_13TeV-amcatnlo-pythia8": {
    "v3_ext1-v1": {
      "xs": [
        13530.0, 
        55.01, 
        "pb"
      ], 
      "fracofevt": [
        0.2228, 
        0.0009262
      ], 
      "lumiper1Mevt": [
        0.02272, 
        4.037e-06, 
        "1/fb"
      ]
    }, 
    "v3-v2": {
      "xs": [
        13530.0, 
        55.01, 
        "pb"
      ], 
      "fracofevt": [
        0.2228, 
        0.0009262
      ], 
      "lumiper1Mevt": [
        0.02272, 
        9.932e-05, 
        "1/fb"
      ]
    }
  }, 
  "G1Jet_Pt-100To250_TuneCUETP8M1_13TeV-amcatnlo-pythia8": {
    "v3_ext2-v2": {
      "xs": [
        1155.0, 
        4.489, 
        "pb"
      ], 
      "fracofevt": [
        0.2217, 
        0.0009143
      ], 
      "lumiper1Mevt": [
        0.2682, 
        0.001149, 
        "1/fb"
      ]
    }, 
    "v3_ext1-v2": {
      "xs": [
        1155.0, 
        4.489, 
        "pb"
      ], 
      "fracofevt": [
        0.2281, 
        0.0009523
      ], 
      "lumiper1Mevt": [
        0.256, 
        0.001124, 
        "1/fb"
      ]
    }, 
    "v3-v2": {
      "xs": [
        1155.0, 
        4.489, 
        "pb"
      ], 
      "fracofevt": [
        0.2279, 
        0.0009528
      ], 
      "lumiper1Mevt": [
        0.2565, 
        0.001127, 
        "1/fb"
      ]
    }
  }, 
  "G1Jet_Pt-400To650_TuneCUETP8M1_13TeV-amcatnlo-pythia8": {
    "v3_ext1-v2": {
      "xs": [
        3.14, 
        0.007797, 
        "pb"
      ], 
      "fracofevt": [
        0.2229, 
        0.0009277
      ], 
      "lumiper1Mevt": [
        97.82, 
        0.3909, 
        "1/fb"
      ]
    }, 
    "v3-v2": {
      "xs": [
        3.14, 
        0.007797, 
        "pb"
      ], 
      "fracofevt": [
        0.2288, 
        0.0009526
      ], 
      "lumiper1Mevt": [
        93.72, 
        0.3822, 
        "1/fb"
      ]
    }
  }, 
  "G1Jet_Pt-250To400_TuneCUETP8M1_13TeV-amcatnlo-pythia8": {
    "v3_ext1-v2": {
      "xs": [
        25.48, 
        0.07909, 
        "pb"
      ], 
      "fracofevt": [
        0.2315, 
        0.0009731
      ], 
      "lumiper1Mevt": [
        11.31, 
        0.04829, 
        "1/fb"
      ]
    }, 
    "v3-v2": {
      "xs": [
        25.48, 
        0.07909, 
        "pb"
      ], 
      "fracofevt": [
        0.2356, 
        0.0009978
      ], 
      "lumiper1Mevt": [
        10.97, 
        0.04771, 
        "1/fb"
      ]
    }, 
    "v3_ext2-v1": {
      "xs": [
        25.48, 
        0.07909, 
        "pb"
      ], 
      "fracofevt": [
        0.2283, 
        0.0009523
      ], 
      "lumiper1Mevt": [
        11.59, 
        0.0487, 
        "1/fb"
      ]
    }
  }
}